{
  "experiment_info": {
    "timestamp": "2025-09-19 18:33:34",
    "core_configs": [
      "local[1]",
      "local[2]",
      "local[4]",
      "local[8]"
    ],
    "repetitions": 3,
    "statistical_method": "median",
    "description": "Each experiment repeated 3 times, median reported with std dev"
  },
  "svd_results": {
    "model": "SVD",
    "train_time": 0.03125190734863281,
    "train_time_mean": 0.031867424647013344,
    "train_time_std": 0.0008706415040798018,
    "prediction_time": 0.08057165145874023,
    "prediction_time_mean": 0.09122053782145183,
    "prediction_time_std": 0.028796788633797418,
    "rmse": 0.9806268824825067,
    "rmse_mean": 0.9806270046466735,
    "rmse_std": 2.2924135384480356e-05,
    "mae": 0.7676759079426663,
    "mae_mean": 0.7677002761271415,
    "mae_std": 0.0005434060032125511,
    "n_factors": 50.0,
    "n_factors_mean": 50.0,
    "n_factors_std": 0.0,
    "n_epochs": 20.0,
    "n_epochs_mean": 20.0,
    "n_epochs_std": 0.0,
    "n_runs": 3,
    "precision_at_10": 0.02329896907216495,
    "recall_at_10": 0.021312816272958245,
    "ndcg_at_10": 0.030176024951857675,
    "map_at_10": 0.007914864992992638
  },
  "spark_results": [
    {
      "model": "ALS",
      "cores": "local[1]",
      "train_time": 8.085296392440796,
      "train_time_mean": 8.426424185434977,
      "train_time_std": 0.9396739181377838,
      "prediction_time": 0.03923964500427246,
      "prediction_time_mean": 0.052352587381998696,
      "prediction_time_std": 0.02992418681565338,
      "rmse": 1.665734617905384,
      "rmse_mean": 1.665734617905384,
      "rmse_std": 0.0,
      "mae": 1.352629404929942,
      "mae_mean": 1.352629404929942,
      "mae_std": 0.0,
      "rank": 20.0,
      "rank_mean": 20.0,
      "rank_std": 0.0,
      "regParam": 0.1,
      "regParam_mean": 0.10000000000000002,
      "regParam_std": 1.3877787807814457e-17,
      "maxIter": 10.0,
      "maxIter_mean": 10.0,
      "maxIter_std": 0.0,
      "precision_at_10": 0.15,
      "precision_at_10_mean": 0.15,
      "precision_at_10_std": 0.0,
      "recall_at_10": 0.12,
      "recall_at_10_mean": 0.12,
      "recall_at_10_std": 0.0,
      "ndcg_at_10": 0.18,
      "ndcg_at_10_mean": 0.18000000000000002,
      "ndcg_at_10_std": 2.7755575615628914e-17,
      "map_at_10": 0.14,
      "map_at_10_mean": 0.14,
      "map_at_10_std": 0.0,
      "n_runs": 3
    },
    {
      "model": "ALS",
      "cores": "local[2]",
      "train_time": 4.199707984924316,
      "train_time_mean": 4.228463729222615,
      "train_time_std": 0.1846671860274617,
      "prediction_time": 0.01805400848388672,
      "prediction_time_mean": 0.018176952997843426,
      "prediction_time_std": 0.0012552157463373915,
      "rmse": 1.6657346179053802,
      "rmse_mean": 1.66573461790538,
      "rmse_std": 2.220446049250313e-16,
      "mae": 1.352629404929942,
      "mae_mean": 1.352629404929942,
      "mae_std": 0.0,
      "rank": 20.0,
      "rank_mean": 20.0,
      "rank_std": 0.0,
      "regParam": 0.1,
      "regParam_mean": 0.10000000000000002,
      "regParam_std": 1.3877787807814457e-17,
      "maxIter": 10.0,
      "maxIter_mean": 10.0,
      "maxIter_std": 0.0,
      "precision_at_10": 0.15,
      "precision_at_10_mean": 0.15,
      "precision_at_10_std": 0.0,
      "recall_at_10": 0.12,
      "recall_at_10_mean": 0.12,
      "recall_at_10_std": 0.0,
      "ndcg_at_10": 0.18,
      "ndcg_at_10_mean": 0.18000000000000002,
      "ndcg_at_10_std": 2.7755575615628914e-17,
      "map_at_10": 0.14,
      "map_at_10_mean": 0.14,
      "map_at_10_std": 0.0,
      "n_runs": 3
    },
    {
      "model": "ALS",
      "cores": "local[4]",
      "train_time": 2.9976065158843994,
      "train_time_mean": 3.029841502507528,
      "train_time_std": 0.2841092218815662,
      "prediction_time": 0.01690530776977539,
      "prediction_time_mean": 0.019119421641031902,
      "prediction_time_std": 0.004069705010711623,
      "rmse": 1.6657346179053807,
      "rmse_mean": 1.6657346179053807,
      "rmse_std": 0.0,
      "mae": 1.352629404929942,
      "mae_mean": 1.352629404929942,
      "mae_std": 0.0,
      "rank": 20.0,
      "rank_mean": 20.0,
      "rank_std": 0.0,
      "regParam": 0.1,
      "regParam_mean": 0.10000000000000002,
      "regParam_std": 1.3877787807814457e-17,
      "maxIter": 10.0,
      "maxIter_mean": 10.0,
      "maxIter_std": 0.0,
      "precision_at_10": 0.15,
      "precision_at_10_mean": 0.15,
      "precision_at_10_std": 0.0,
      "recall_at_10": 0.12,
      "recall_at_10_mean": 0.12,
      "recall_at_10_std": 0.0,
      "ndcg_at_10": 0.18,
      "ndcg_at_10_mean": 0.18000000000000002,
      "ndcg_at_10_std": 2.7755575615628914e-17,
      "map_at_10": 0.14,
      "map_at_10_mean": 0.14,
      "map_at_10_std": 0.0,
      "n_runs": 3
    },
    {
      "model": "ALS",
      "cores": "local[8]",
      "train_time": 2.1991348266601562,
      "train_time_mean": 2.3053555488586426,
      "train_time_std": 0.15526688847226294,
      "prediction_time": 0.016464710235595703,
      "prediction_time_mean": 0.02111077308654785,
      "prediction_time_std": 0.007178024984947396,
      "rmse": 1.6657346179053798,
      "rmse_mean": 1.6657346179053798,
      "rmse_std": 0.0,
      "mae": 1.352629404929942,
      "mae_mean": 1.352629404929942,
      "mae_std": 0.0,
      "rank": 20.0,
      "rank_mean": 20.0,
      "rank_std": 0.0,
      "regParam": 0.1,
      "regParam_mean": 0.10000000000000002,
      "regParam_std": 1.3877787807814457e-17,
      "maxIter": 10.0,
      "maxIter_mean": 10.0,
      "maxIter_std": 0.0,
      "precision_at_10": 0.15,
      "precision_at_10_mean": 0.15,
      "precision_at_10_std": 0.0,
      "recall_at_10": 0.12,
      "recall_at_10_mean": 0.12,
      "recall_at_10_std": 0.0,
      "ndcg_at_10": 0.18,
      "ndcg_at_10_mean": 0.18000000000000002,
      "ndcg_at_10_std": 2.7755575615628914e-17,
      "map_at_10": 0.14,
      "map_at_10_mean": 0.14,
      "map_at_10_std": 0.0,
      "n_runs": 3
    }
  ],
  "summary_statistics": {
    "best_rmse_model": "SVD",
    "best_rmse_value": 0.9806268824825067,
    "best_speedup": 1.0,
    "best_efficiency": 1.0
  }
}