rating,count,percentage
0.5,1370,1.3586417549287952
1.0,2811,2.787694870879448
1.5,1791,1.776151374509104
2.0,7551,7.4883970010710454
2.5,5550,5.503986671426872
3.0,20047,19.880796540917924
3.5,13136,13.027093498353763
4.0,26818,26.59566028005871
4.5,8551,8.48010631123805
5.0,13211,13.101471696616288
